Customer ID,Name,Address,Phone Number,Province ID
2000,Olivia Taylor,5337 Birch Way,647-460-5998,1000
2005,Michael Taylor,5504 Maple Avenue,647-671-8029,1000
2010,Michael Brown,3419 Main Street,226-381-4383,1000
2015,Jane Taylor,2410 Pine Drive,613-401-6915,1000
2020,Michael Clark,7651 Elm Street,226-921-5343,1000
2025,Sarah Johnson,9778 Main Street,613-311-9234,1000
2030,Michael Smith,7661 Elm Street,647-230-4249,1000
2035,Emily Taylor,5316 Oak Road,226-762-1254,1000
2040,Jane Johnson,9544 Main Street,437-147-2629,1000
2045,David Clark,2026 Oak Road,519-353-8924,1000
2050,Michael Taylor,2930 Elm Street,519-620-1462,1000
2055,Emily Brown,5173 Pine Drive,613-483-7168,1000
2060,John Hall,9690 Main Street,437-234-8924,1000
2065,Emma Taylor,5605 Elm Street,519-994-2483,1000
2070,Olivia Clark,1833 Cedar Lane,613-413-3693,1000
2075,Daniel Harris,7192 Birch Way,519-212-7702,1000
2080,Sarah Walker,3935 Oak Road,437-510-2737,1000
2085,Michael Lewis,7849 Elm Street,647-490-3535,1000
2090,Olivia Walker,2909 Birch Way,437-490-4622,1000
2095,Olivia Lewis,3291 Birch Way,647-589-4201,1000
2100,Sarah Hall,7526 Pine Drive,647-493-5088,1000
2105,Emma Brown,4966 Cedar Lane,437-847-1753,1000
2110,David Smith,3488 Pine Drive,437-563-1079,1000
2115,Emma Brown,8870 Oak Road,437-697-3045,1000
2120,Michael Hall,4459 Maple Avenue,613-555-8688,1000
2125,Daniel Walker,9925 Cedar Lane,226-160-2708,1000
2130,David Johnson,2230 Maple Avenue,519-698-8684,1000
2135,Emily Walker,9892 Elm Street,647-544-8875,1000
2140,Michael Hall,5196 Main Street,613-434-6225,1000
2145,Olivia Lewis,4116 Cedar Lane,613-463-3663,1000
2150,Daniel Smith,2986 Pine Drive,519-599-2812,1000
2155,Michael Lewis,4015 Oak Road,647-700-8667,1000
2160,Alex Johnson,9565 Main Street,437-158-5400,1000
2165,Alex Anderson,8154 Main Street,226-766-5436,1000
2170,John Smith,7662 Birch Way,647-575-4010,1000
2175,Daniel Johnson,2157 Birch Way,647-804-1768,1000
2180,Michael Brown,3474 Oak Road,226-912-3234,1000
2185,John Lewis,5183 Oak Road,437-553-8622,1000
2190,Alex Walker,2558 Birch Way,226-849-6836,1000
2195,Alex Hall,8102 Maple Avenue,647-298-2399,1000
2200,Emma Clark,3348 Oak Road,437-663-2339,1000
2205,Emily Smith,3895 Maple Avenue,613-554-9944,1000
2210,Sarah Clark,3035 Cedar Lane,647-319-9373,1000
2215,Sarah Anderson,9142 Elm Street,647-740-9346,1000
2220,Emily Walker,8196 Cedar Lane,226-191-4666,1000
2225,Daniel Lewis,6295 Maple Avenue,226-365-5260,1000
2230,Emily Anderson,9622 Pine Drive,226-542-2776,1000
2235,Daniel Brown,9314 Pine Drive,613-906-4362,1000
2240,Olivia Anderson,2363 Main Street,647-721-8579,1000
2245,Alex Anderson,2261 Pine Drive,647-779-9048,1000
2250,Emily Anderson,7914 Cedar Lane,226-307-9875,1000
2255,Emma Anderson,4868 Pine Drive,437-583-2806,1000
2260,Daniel Harris,5953 Oak Road,519-668-7834,1000
2265,Alex Anderson,1550 Birch Way,613-800-4025,1000
2270,Emily Taylor,4947 Oak Road,647-173-4558,1000
2275,Jane Clark,8027 Elm Street,437-918-9852,1000
2280,David Anderson,1482 Maple Avenue,647-749-9855,1000
2285,Sarah Hall,2153 Main Street,226-297-3595,1000
2290,Olivia Brown,1754 Cedar Lane,519-507-6095,1000
2295,Jane Brown,9543 Oak Road,519-516-5696,1000
2300,Alex Brown,3958 Elm Street,613-897-6993,1000
2305,Daniel Hall,9651 Birch Way,519-199-4008,1000
2310,Emma Hall,1723 Elm Street,226-844-3262,1000
2315,Emma Smith,7903 Oak Road,647-830-9645,1000
2320,Emily Anderson,9622 Elm Street,437-887-4068,1000
2325,John Brown,8060 Main Street,437-735-4920,1000
2330,John Harris,5906 Birch Way,519-738-3997,1000
2335,David Harris,1925 Elm Street,226-776-3173,1000
2340,Emily Johnson,2369 Elm Street,226-239-9365,1000
2345,Alex Taylor,5412 Maple Avenue,437-205-7814,1000
2350,Emily Taylor,3172 Main Street,519-649-9144,1000
2355,Sarah Clark,7161 Main Street,437-714-1605,1000
2360,Jane Lewis,5388 Cedar Lane,437-925-3489,1000
2365,Emily Harris,4759 Pine Drive,519-902-5683,1000
2370,Michael Hall,5040 Oak Road,647-521-9427,1000
2375,Daniel Brown,6354 Birch Way,226-240-4339,1000
2380,Olivia Brown,4711 Pine Drive,613-346-1129,1000
2385,Sarah Hall,2718 Elm Street,647-338-1524,1000
2390,Olivia Clark,2116 Maple Avenue,226-189-2868,1000
2395,Emily Hall,1227 Oak Road,226-346-4033,1000
2400,David Anderson,9133 Maple Avenue,613-364-8237,1000
2405,Emma Brown,3849 Maple Avenue,613-384-8680,1000
2410,David Harris,5470 Birch Way,613-907-4553,1000
2415,Emma Johnson,1505 Cedar Lane,437-609-2197,1000
2420,John Hall,3115 Birch Way,613-765-7323,1000
2425,Olivia Hall,5701 Birch Way,613-327-2140,1000
2430,Emily Harris,7096 Pine Drive,226-739-4759,1000
2435,Daniel Anderson,9781 Pine Drive,647-292-1947,1000
2440,Alex Hall,2043 Maple Avenue,519-107-5007,1000
2445,Olivia Taylor,2963 Cedar Lane,226-983-9645,1000
2450,John Walker,8496 Maple Avenue,226-466-4318,1000
2455,Emily Walker,2532 Oak Road,519-917-9134,1000
2460,Olivia Taylor,3191 Main Street,519-797-1622,1000
2465,Jane Clark,8060 Birch Way,437-878-6949,1000
2470,Alex Taylor,8325 Pine Drive,437-632-4124,1000
2475,Olivia Clark,6440 Main Street,647-439-5824,1000
2480,David Clark,1583 Elm Street,647-566-2064,1000
2485,Olivia Taylor,4097 Pine Drive,613-244-8476,1000
2490,Emma Brown,3571 Oak Road,437-339-5208,1000
2495,Daniel Lewis,8446 Maple Avenue,647-757-7765,1000
2001,Sarah Walker,7754 Elm Street,226-607-2602,1001
2006,John Clark,5791 Oak Road,613-886-1715,1001
2011,Michael Harris,3243 Main Street,226-781-5386,1001
2016,Michael Walker,3153 Oak Road,613-989-4868,1001
2021,Jane Lewis,6540 Cedar Lane,437-936-9401,1001
2026,David Harris,7504 Pine Drive,226-141-4442,1001
2031,Emily Hall,7828 Oak Road,519-361-6026,1001
2036,Olivia Smith,9727 Cedar Lane,613-483-8213,1001
2041,Michael Anderson,5858 Maple Avenue,613-789-2155,1001
2046,John Hall,9838 Birch Way,613-163-1693,1001
2051,Jane Johnson,3734 Pine Drive,226-154-6938,1001
2056,Emily Lewis,1231 Maple Avenue,437-707-1809,1001
2061,Jane Anderson,8530 Birch Way,519-852-8748,1001
2066,Michael Clark,7628 Elm Street,226-921-4393,1001
2071,Alex Smith,8811 Pine Drive,613-575-7830,1001
2076,Michael Brown,5830 Pine Drive,613-833-9030,1001
2081,David Smith,1643 Pine Drive,647-857-8508,1001
2086,David Smith,5918 Maple Avenue,437-724-3446,1001
2091,Michael Brown,9479 Maple Avenue,647-140-2194,1001
2096,Michael Anderson,3338 Maple Avenue,613-649-7321,1001
2101,Jane Johnson,6593 Birch Way,437-900-1769,1001
2106,David Walker,4987 Maple Avenue,437-472-1105,1001
2111,Emily Smith,4002 Elm Street,437-691-8536,1001
2116,Emily Walker,8722 Cedar Lane,647-630-8837,1001
2121,John Taylor,6423 Cedar Lane,519-399-4842,1001
2126,Olivia Walker,4630 Elm Street,613-884-1056,1001
2131,Jane Hall,8763 Pine Drive,519-387-2131,1001
2136,Emily Smith,4972 Main Street,519-775-5354,1001
2141,John Hall,5061 Oak Road,519-511-7120,1001
2146,Daniel Hall,6034 Oak Road,226-995-1592,1001
2151,Sarah Taylor,8925 Maple Avenue,226-337-4678,1001
2156,Daniel Anderson,2271 Maple Avenue,613-202-9068,1001
2161,Jane Harris,9394 Birch Way,519-976-9331,1001
2166,Sarah Harris,3208 Oak Road,519-520-2303,1001
2171,John Brown,1139 Maple Avenue,226-541-8243,1001
2176,John Smith,3494 Elm Street,613-369-3224,1001
2181,Olivia Lewis,2064 Elm Street,226-889-1010,1001
2186,Sarah Harris,3667 Oak Road,647-792-5375,1001
2191,Sarah Anderson,6452 Elm Street,519-309-6365,1001
2196,Michael Anderson,4893 Elm Street,226-253-9642,1001
2201,Daniel Hall,2562 Birch Way,519-348-6942,1001
2206,Michael Clark,7572 Oak Road,647-812-8309,1001
2211,Emma Taylor,7797 Main Street,613-805-5254,1001
2216,Sarah Walker,7911 Pine Drive,647-624-3174,1001
2221,Sarah Anderson,9123 Cedar Lane,519-353-8586,1001
2226,Emily Taylor,8598 Pine Drive,226-226-6826,1001
2231,Alex Anderson,2564 Main Street,613-568-4937,1001
2236,Emma Harris,4579 Elm Street,226-414-7855,1001
2241,Olivia Anderson,4592 Maple Avenue,437-967-1613,1001
2246,David Lewis,5173 Cedar Lane,519-688-1492,1001
2251,Michael Walker,5648 Oak Road,519-993-2401,1001
2256,Daniel Brown,7300 Cedar Lane,647-509-8809,1001
2261,Alex Smith,3871 Birch Way,613-117-2991,1001
2266,Olivia Lewis,7577 Cedar Lane,226-546-1052,1001
2271,Michael Hall,3913 Oak Road,613-231-2357,1001
2276,Sarah Walker,1958 Maple Avenue,647-751-7879,1001
2281,Daniel Brown,9974 Birch Way,226-667-4533,1001
2286,David Brown,6286 Maple Avenue,437-456-6529,1001
2291,David Clark,5397 Main Street,647-826-3110,1001
2296,Alex Brown,1268 Main Street,519-626-7495,1001
2301,Emily Brown,8208 Pine Drive,226-909-9779,1001
2306,David Brown,8366 Cedar Lane,226-800-7678,1001
2311,David Clark,7204 Cedar Lane,519-881-2069,1001
2316,Olivia Hall,5068 Maple Avenue,226-303-7807,1001
2321,Alex Hall,4465 Pine Drive,647-248-9920,1001
2326,Jane Lewis,8445 Elm Street,437-324-9490,1001
2331,Alex Brown,4962 Main Street,226-422-4797,1001
2336,Emma Smith,5971 Cedar Lane,437-819-3660,1001
2341,Sarah Clark,7169 Oak Road,226-537-4426,1001
2346,Emma Anderson,7294 Pine Drive,519-802-9183,1001
2351,Daniel Smith,7777 Pine Drive,519-600-6613,1001
2356,Jane Taylor,1458 Maple Avenue,613-226-9349,1001
2361,Alex Clark,5881 Elm Street,226-385-5773,1001
2366,Alex Brown,2787 Birch Way,519-912-2562,1001
2371,David Brown,3987 Birch Way,613-595-6719,1001
2376,Olivia Johnson,2682 Main Street,613-423-6857,1001
2381,David Taylor,5675 Cedar Lane,647-841-9519,1001
2386,Daniel Lewis,8293 Cedar Lane,613-479-9044,1001
2391,John Johnson,5569 Birch Way,519-246-5961,1001
2396,Olivia Smith,4462 Main Street,437-527-9853,1001
2401,Olivia Taylor,9615 Cedar Lane,519-687-9140,1001
2406,Alex Clark,5097 Oak Road,647-777-8699,1001
2411,John Lewis,7198 Birch Way,519-462-8485,1001
2416,Emma Lewis,8146 Elm Street,613-496-6751,1001
2421,Daniel Lewis,6498 Pine Drive,613-524-7299,1001
2426,Jane Lewis,1397 Elm Street,437-986-1077,1001
2431,Daniel Johnson,8959 Cedar Lane,226-747-4468,1001
2436,Alex Harris,1082 Pine Drive,519-790-1115,1001
2441,Emma Brown,6055 Pine Drive,519-814-1125,1001
2446,Alex Clark,2778 Cedar Lane,226-281-7749,1001
2451,Emily Smith,6909 Elm Street,226-255-4962,1001
2456,Michael Brown,4748 Oak Road,226-831-1679,1001
2461,David Taylor,1169 Maple Avenue,613-765-8034,1001
2466,Alex Smith,1231 Cedar Lane,519-917-3768,1001
2471,Daniel Hall,2755 Oak Road,226-173-3065,1001
2476,Alex Johnson,1623 Birch Way,519-718-7942,1001
2481,Emily Brown,1811 Maple Avenue,613-195-1336,1001
2486,Emily Smith,7734 Elm Street,613-634-5000,1001
2491,Olivia Smith,4575 Pine Drive,613-791-7741,1001
2496,Olivia Brown,4335 Oak Road,437-375-3721,1001
2002,David Walker,5315 Maple Avenue,647-618-4375,1002
2007,Daniel Taylor,1407 Birch Way,613-633-4245,1002
2012,Emma Smith,8657 Elm Street,647-738-8689,1002
2017,Olivia Walker,7227 Main Street,226-541-4751,1002
2022,Emma Brown,8562 Elm Street,519-803-1915,1002
2027,John Clark,8107 Pine Drive,613-458-7001,1002
2032,Olivia Lewis,1948 Birch Way,437-877-2084,1002
2037,Daniel Johnson,7877 Maple Avenue,226-122-2364,1002
2042,Sarah Anderson,2237 Cedar Lane,437-698-2182,1002
2047,Jane Johnson,6113 Cedar Lane,613-498-4393,1002
2052,Alex Lewis,8755 Birch Way,519-238-7986,1002
2057,Olivia Harris,1755 Pine Drive,437-154-6695,1002
2062,Alex Johnson,5624 Pine Drive,613-972-3879,1002
2067,Jane Walker,5378 Pine Drive,647-353-1485,1002
2072,Emily Johnson,5706 Birch Way,519-741-9062,1002
2077,David Smith,3661 Main Street,519-239-7325,1002
2082,Emma Walker,3408 Pine Drive,437-377-8765,1002
2087,Emma Walker,9631 Cedar Lane,226-354-3228,1002
2092,Sarah Walker,7202 Elm Street,437-647-7234,1002
2097,Daniel Smith,4628 Oak Road,613-267-2168,1002
2102,Daniel Brown,5591 Maple Avenue,647-926-3980,1002
2107,Emily Walker,1514 Birch Way,647-937-5967,1002
2112,Michael Hall,9885 Main Street,437-730-8662,1002
2117,Daniel Taylor,2399 Oak Road,519-839-9571,1002
2122,Olivia Hall,9777 Maple Avenue,437-111-9240,1002
2127,David Harris,7970 Elm Street,437-519-3934,1002
2132,Emma Johnson,6180 Elm Street,519-254-2213,1002
2137,Jane Taylor,4170 Cedar Lane,226-835-1308,1002
2142,Michael Walker,8471 Elm Street,647-541-9360,1002
2147,David Taylor,7136 Birch Way,613-157-6742,1002
2152,Daniel Johnson,5289 Main Street,613-171-1926,1002
2157,Emily Harris,5960 Cedar Lane,519-159-3340,1002
2162,Alex Clark,9943 Maple Avenue,437-501-6661,1002
2167,John Harris,1016 Cedar Lane,226-730-2462,1002
2172,David Smith,8103 Elm Street,647-482-5599,1002
2177,Alex Brown,2994 Birch Way,226-476-5592,1002
2182,David Taylor,4000 Elm Street,613-960-6338,1002
2187,Emily Johnson,7916 Cedar Lane,437-434-8616,1002
2192,Michael Taylor,5605 Oak Road,519-141-3287,1002
2197,Daniel Clark,9757 Pine Drive,613-983-9971,1002
2202,Emma Lewis,7983 Pine Drive,647-708-2152,1002
2207,John Walker,6923 Birch Way,647-711-6974,1002
2212,David Hall,7347 Main Street,519-315-1519,1002
2217,Daniel Harris,3120 Maple Avenue,613-665-5617,1002
2222,Sarah Walker,3369 Maple Avenue,519-548-4112,1002
2227,David Smith,7810 Cedar Lane,647-840-9773,1002
2232,Emma Lewis,3432 Pine Drive,647-613-8684,1002
2237,Michael Walker,6097 Main Street,437-686-6472,1002
2242,Daniel Smith,7047 Elm Street,226-241-8343,1002
2247,Michael Johnson,8848 Pine Drive,226-560-7573,1002
2252,David Anderson,2608 Main Street,613-734-8224,1002
2257,Jane Johnson,8966 Elm Street,226-665-4083,1002
2262,Emily Anderson,5255 Pine Drive,613-897-5401,1002
2267,Michael Taylor,8282 Birch Way,519-122-1282,1002
2272,Alex Anderson,6319 Birch Way,519-604-7208,1002
2277,David Lewis,9204 Oak Road,647-476-4161,1002
2282,Jane Taylor,1294 Birch Way,613-781-5173,1002
2287,Alex Johnson,3295 Elm Street,613-995-5902,1002
2292,Sarah Anderson,3125 Elm Street,437-948-1006,1002
2297,John Lewis,9132 Oak Road,226-709-7108,1002
2302,Olivia Anderson,8945 Birch Way,437-369-8810,1002
2307,Emma Brown,9527 Elm Street,519-952-9054,1002
2312,Olivia Hall,1224 Main Street,226-891-4955,1002
2317,Daniel Clark,1728 Maple Avenue,437-516-5447,1002
2322,Sarah Taylor,6695 Pine Drive,613-144-2320,1002
2327,John Harris,6248 Elm Street,519-769-1620,1002
2332,Alex Anderson,1398 Cedar Lane,613-546-7530,1002
2337,Jane Taylor,5148 Main Street,519-900-5566,1002
2342,Alex Anderson,8302 Pine Drive,437-941-2964,1002
2347,Sarah Harris,4281 Main Street,647-742-1952,1002
2352,Sarah Smith,9280 Cedar Lane,647-881-2269,1002
2357,Olivia Smith,2037 Cedar Lane,613-101-3955,1002
2362,Sarah Taylor,9912 Pine Drive,437-639-6221,1002
2367,Olivia Anderson,1522 Cedar Lane,226-229-6497,1002
2372,Alex Johnson,4207 Main Street,613-343-9956,1002
2377,Emma Anderson,6880 Elm Street,437-589-3157,1002
2382,Emily Walker,8644 Main Street,226-629-9110,1002
2387,Jane Lewis,6452 Birch Way,437-291-6119,1002
2392,David Clark,3586 Birch Way,647-648-4543,1002
2397,John Smith,8079 Maple Avenue,519-137-3519,1002
2402,Alex Lewis,3518 Oak Road,519-440-5141,1002
2407,Emma Clark,8444 Main Street,613-249-2271,1002
2412,David Smith,1582 Oak Road,647-302-3563,1002
2417,Sarah Harris,1060 Elm Street,226-619-2132,1002
2422,Olivia Harris,5729 Cedar Lane,437-578-7524,1002
2427,Sarah Clark,3102 Main Street,226-220-6249,1002
2432,Alex Anderson,4359 Cedar Lane,647-683-3834,1002
2437,Michael Harris,2384 Oak Road,226-493-5556,1002
2442,Emma Brown,7172 Cedar Lane,647-965-8539,1002
2447,Olivia Johnson,6067 Pine Drive,437-136-5583,1002
2452,Sarah Hall,7347 Cedar Lane,437-759-9743,1002
2457,Emma Harris,5011 Maple Avenue,613-526-6169,1002
2462,Sarah Lewis,9308 Cedar Lane,613-453-1016,1002
2467,Jane Taylor,2734 Maple Avenue,613-701-5977,1002
2472,Jane Walker,5911 Maple Avenue,613-552-5383,1002
2477,David Brown,7926 Cedar Lane,613-754-6246,1002
2482,John Hall,5821 Cedar Lane,519-199-6316,1002
2487,Emily Taylor,7566 Cedar Lane,226-353-9251,1002
2492,Daniel Lewis,9773 Pine Drive,647-904-3062,1002
2497,Daniel Anderson,5455 Oak Road,613-309-1905,1002
2003,David Brown,7017 Elm Street,519-329-8880,1003
2008,Sarah Clark,7457 Maple Avenue,613-586-7506,1003
2013,Alex Johnson,2550 Cedar Lane,437-625-8484,1003
2018,Jane Walker,8485 Maple Avenue,647-987-6601,1003
2023,Emily Clark,3398 Birch Way,437-924-2348,1003
2028,Daniel Walker,6600 Maple Avenue,519-989-5479,1003
2033,Daniel Taylor,5412 Birch Way,647-834-2255,1003
2038,David Anderson,6897 Cedar Lane,647-815-1028,1003
2043,Daniel Lewis,6407 Elm Street,647-645-7967,1003
2048,Olivia Walker,7578 Main Street,647-652-9668,1003
2053,Emma Johnson,9747 Pine Drive,519-530-7973,1003
2058,Olivia Lewis,9344 Elm Street,647-524-4787,1003
2063,John Clark,5677 Elm Street,437-894-6367,1003
2068,Daniel Johnson,4517 Birch Way,613-733-7758,1003
2073,Emma Harris,6887 Oak Road,519-741-7043,1003
2078,Michael Anderson,6033 Cedar Lane,226-900-2397,1003
2083,Emma Clark,7408 Pine Drive,226-418-6689,1003
2088,Alex Anderson,2465 Main Street,226-832-4684,1003
2093,John Clark,3813 Birch Way,613-650-9762,1003
2098,Jane Anderson,5680 Oak Road,437-361-9759,1003
2103,John Brown,3322 Oak Road,613-154-2097,1003
2108,John Walker,5672 Elm Street,226-998-8426,1003
2113,John Lewis,3344 Birch Way,647-381-5779,1003
2118,Sarah Smith,5901 Cedar Lane,613-246-7933,1003
2123,Daniel Harris,6667 Elm Street,437-285-9446,1003
2128,John Lewis,1063 Birch Way,519-878-1997,1003
2133,Alex Anderson,3190 Birch Way,519-803-2763,1003
2138,Michael Walker,4661 Main Street,519-492-7410,1003
2143,Alex Clark,1170 Elm Street,647-241-3010,1003
2148,David Hall,7610 Maple Avenue,437-953-6767,1003
2153,David Walker,4307 Pine Drive,226-300-6122,1003
2158,John Hall,9503 Oak Road,613-570-4542,1003
2163,David Brown,5091 Birch Way,613-898-8508,1003
2168,Michael Smith,5274 Oak Road,647-217-1496,1003
2173,Olivia Johnson,9355 Maple Avenue,647-852-7821,1003
2178,Alex Anderson,9506 Birch Way,226-762-4280,1003
2183,Emma Hall,4552 Cedar Lane,613-122-4845,1003
2188,David Smith,6031 Main Street,226-469-6283,1003
2193,Jane Lewis,5141 Pine Drive,226-858-1894,1003
2198,Emma Johnson,7820 Maple Avenue,226-567-9747,1003
2203,David Lewis,6230 Main Street,226-869-4782,1003
2208,Emily Smith,5881 Oak Road,613-587-9058,1003
2213,Sarah Walker,3189 Cedar Lane,519-854-4184,1003
2218,Michael Walker,7991 Pine Drive,647-509-5562,1003
2223,Emily Smith,4376 Birch Way,519-629-1517,1003
2228,Sarah Brown,1638 Cedar Lane,613-328-4315,1003
2233,Emma Johnson,3314 Maple Avenue,519-761-5013,1003
2238,Michael Brown,2500 Main Street,226-750-3881,1003
2243,Michael Smith,7956 Main Street,226-248-1061,1003
2248,Michael Hall,7795 Maple Avenue,437-660-8511,1003
2253,Emma Anderson,4015 Oak Road,437-218-1562,1003
2258,Olivia Walker,3826 Main Street,519-264-2572,1003
2263,Sarah Harris,8037 Maple Avenue,437-511-9783,1003
2268,Alex Clark,9058 Maple Avenue,226-221-4378,1003
2273,Olivia Clark,4180 Main Street,437-618-2344,1003
2278,Daniel Brown,7995 Birch Way,437-357-3734,1003
2283,Emma Clark,2812 Maple Avenue,613-710-2513,1003
2288,Emily Clark,1173 Oak Road,647-943-3866,1003
2293,Michael Hall,1864 Oak Road,519-649-5257,1003
2298,Emma Taylor,2958 Main Street,437-663-9206,1003
2303,Alex Anderson,9728 Elm Street,647-701-3650,1003
2308,Michael Anderson,6549 Birch Way,437-674-2435,1003
2313,Michael Hall,4260 Main Street,437-914-3690,1003
2318,Daniel Harris,2922 Birch Way,613-754-3016,1003
2323,Emily Smith,3923 Maple Avenue,437-691-4557,1003
2328,Sarah Clark,3109 Main Street,226-753-6514,1003
2333,David Taylor,9366 Oak Road,647-757-8470,1003
2338,Sarah Anderson,4121 Birch Way,613-990-2547,1003
2343,Alex Walker,3312 Maple Avenue,613-524-9689,1003
2348,Michael Johnson,4073 Birch Way,437-512-9890,1003
2353,Alex Smith,5040 Maple Avenue,437-456-7845,1003
2358,Daniel Clark,6229 Birch Way,519-402-2948,1003
2363,Daniel Smith,7576 Elm Street,647-292-3798,1003
2368,David Brown,2481 Maple Avenue,437-450-1459,1003
2373,Daniel Taylor,5697 Birch Way,647-149-4682,1003
2378,Emma Taylor,9417 Main Street,519-683-1093,1003
2383,Michael Brown,8305 Birch Way,613-237-6501,1003
2388,David Smith,4258 Main Street,226-712-9361,1003
2393,David Harris,9543 Pine Drive,519-842-3494,1003
2398,Olivia Walker,6624 Maple Avenue,226-167-6903,1003
2403,Alex Brown,2390 Oak Road,437-675-9205,1003
2408,Jane Smith,3133 Cedar Lane,519-588-7500,1003
2413,Emily Taylor,9008 Pine Drive,519-996-4712,1003
2418,Daniel Taylor,8652 Elm Street,613-872-3924,1003
2423,John Anderson,7993 Cedar Lane,613-291-4704,1003
2428,Olivia Clark,2613 Birch Way,226-578-9163,1003
2433,Jane Lewis,5291 Pine Drive,437-226-5325,1003
2438,Sarah Clark,2601 Oak Road,519-990-1361,1003
2443,Michael Walker,9079 Oak Road,226-639-3731,1003
2448,Emily Anderson,9586 Oak Road,613-998-2898,1003
2453,Emma Johnson,8873 Birch Way,437-143-5220,1003
2458,Emma Taylor,9502 Cedar Lane,647-812-9803,1003
2463,Jane Clark,6529 Maple Avenue,226-179-9727,1003
2468,Emily Hall,1455 Elm Street,519-505-4711,1003
2473,John Clark,3470 Cedar Lane,647-953-1679,1003
2478,Sarah Taylor,4681 Cedar Lane,437-797-1903,1003
2483,Michael Anderson,1669 Pine Drive,519-915-1770,1003
2488,Emma Anderson,3951 Maple Avenue,519-168-1969,1003
2493,Daniel Brown,3206 Oak Road,226-660-2521,1003
2498,David Lewis,9946 Maple Avenue,519-487-9064,1003
2004,Olivia Johnson,2625 Cedar Lane,613-182-8607,1004
2009,Sarah Smith,6476 Maple Avenue,613-984-7203,1004
2014,Daniel Walker,7052 Cedar Lane,647-399-3977,1004
2019,Jane Johnson,5990 Main Street,647-196-5656,1004
2024,Jane Smith,4157 Elm Street,519-256-4404,1004
2029,Alex Taylor,5732 Birch Way,647-873-8067,1004
2034,Daniel Taylor,2937 Elm Street,613-409-4328,1004
2039,Michael Johnson,4427 Pine Drive,647-164-3073,1004
2044,David Hall,7313 Main Street,613-787-8010,1004
2049,David Clark,2360 Elm Street,226-988-6013,1004
2054,Emily Smith,4187 Cedar Lane,519-304-1021,1004
2059,Sarah Anderson,1990 Maple Avenue,519-107-2460,1004
2064,Alex Hall,3923 Main Street,519-181-2407,1004
2069,Michael Brown,5581 Cedar Lane,647-706-3753,1004
2074,Sarah Johnson,7370 Cedar Lane,437-270-5844,1004
2079,Daniel Brown,3439 Cedar Lane,519-481-4811,1004
2084,David Hall,6502 Cedar Lane,613-424-7667,1004
2089,Daniel Johnson,9506 Elm Street,226-774-5156,1004
2094,David Smith,7143 Birch Way,613-899-3889,1004
2099,Olivia Lewis,6285 Pine Drive,519-668-2282,1004
2104,John Hall,3884 Cedar Lane,519-399-8004,1004
2109,Michael Anderson,2453 Cedar Lane,437-722-8879,1004
2114,David Johnson,1512 Maple Avenue,647-902-9335,1004
2119,Daniel Harris,8562 Main Street,647-233-1600,1004
2124,Olivia Hall,6239 Cedar Lane,519-564-3461,1004
2129,Olivia Anderson,2520 Pine Drive,519-948-3709,1004
2134,Emma Johnson,7740 Main Street,226-285-7424,1004
2139,Sarah Harris,6680 Maple Avenue,519-655-2259,1004
2144,Emma Taylor,9578 Oak Road,226-709-5745,1004
2149,Emily Harris,7515 Pine Drive,519-567-2018,1004
2154,Emily Brown,2719 Cedar Lane,647-381-9093,1004
2159,Emma Anderson,6022 Cedar Lane,437-325-1878,1004
2164,Emma Walker,7800 Cedar Lane,519-695-9784,1004
2169,Olivia Harris,6907 Main Street,437-591-2890,1004
2174,David Lewis,3219 Main Street,437-726-9418,1004
2179,Sarah Taylor,6106 Birch Way,613-698-1439,1004
2184,Daniel Smith,6153 Cedar Lane,613-823-6909,1004
2189,Michael Harris,2924 Maple Avenue,437-690-9902,1004
2194,Michael Taylor,8283 Pine Drive,613-681-7521,1004
2199,Jane Anderson,2352 Elm Street,226-508-4890,1004
2204,John Taylor,5553 Pine Drive,519-368-1538,1004
2209,Emma Lewis,3905 Main Street,647-463-4744,1004
2214,Emma Taylor,5587 Maple Avenue,613-939-1469,1004
2219,Emily Johnson,8098 Cedar Lane,226-373-4623,1004
2224,John Clark,9425 Birch Way,226-239-9518,1004
2229,Alex Brown,9709 Cedar Lane,647-263-6848,1004
2234,Jane Anderson,1095 Oak Road,647-494-7167,1004
2239,David Harris,9008 Birch Way,519-376-5043,1004
2244,Olivia Johnson,4544 Birch Way,226-535-4375,1004
2249,Olivia Walker,2282 Birch Way,437-395-6973,1004
2254,David Clark,1295 Oak Road,437-195-7884,1004
2259,Jane Lewis,1184 Elm Street,647-261-3198,1004
2264,Michael Clark,6877 Maple Avenue,613-747-6754,1004
2269,John Brown,5687 Oak Road,519-356-8357,1004
2274,Olivia Smith,5936 Oak Road,647-721-4607,1004
2279,Emma Anderson,3819 Birch Way,647-825-9151,1004
2284,Olivia Harris,8390 Oak Road,437-834-1382,1004
2289,Emily Harris,8419 Oak Road,226-968-9106,1004
2294,Sarah Anderson,2573 Oak Road,437-572-4004,1004
2299,Alex Smith,5758 Cedar Lane,437-607-1712,1004
2304,Michael Taylor,8539 Elm Street,226-131-9933,1004
2309,Emily Taylor,7750 Oak Road,226-151-1702,1004
2314,John Taylor,6012 Birch Way,437-491-7515,1004
2319,Jane Harris,3118 Oak Road,519-481-1843,1004
2324,Alex Lewis,7250 Main Street,647-566-1255,1004
2329,Alex Taylor,8776 Elm Street,519-715-1704,1004
2334,Michael Brown,4939 Cedar Lane,519-465-4543,1004
2339,Jane Taylor,2032 Birch Way,613-394-3616,1004
2344,Emma Smith,5564 Maple Avenue,226-871-8481,1004
2349,David Harris,6121 Cedar Lane,437-868-1404,1004
2354,Alex Hall,7847 Main Street,613-665-7041,1004
2359,David Harris,4520 Pine Drive,226-810-6144,1004
2364,Emma Harris,4932 Pine Drive,226-719-6893,1004
2369,Emma Anderson,2721 Oak Road,226-639-5568,1004
2374,Daniel Brown,2302 Elm Street,226-433-7316,1004
2379,Olivia Clark,2565 Pine Drive,519-647-3287,1004
2384,Michael Lewis,4376 Maple Avenue,226-140-8601,1004
2389,Alex Walker,3917 Elm Street,647-119-6401,1004
2394,David Clark,3286 Main Street,519-111-3804,1004
2399,Alex Hall,3774 Elm Street,519-206-6375,1004
2404,David Anderson,8779 Maple Avenue,226-930-6198,1004
2409,Jane Lewis,6168 Oak Road,226-333-8693,1004
2414,Michael Lewis,4402 Elm Street,613-828-4566,1004
2419,David Brown,3481 Cedar Lane,647-249-5392,1004
2424,Emily Johnson,7742 Pine Drive,519-819-5570,1004
2429,Alex Walker,7831 Oak Road,519-188-3231,1004
2434,David Harris,2271 Elm Street,613-129-2877,1004
2439,David Taylor,1610 Birch Way,647-187-3703,1004
2444,Emma Clark,8404 Elm Street,613-901-3455,1004
2449,Emma Hall,5391 Birch Way,437-341-1002,1004
2454,Emily Hall,3154 Main Street,226-806-8373,1004
2459,Emma Smith,2549 Pine Drive,226-223-6741,1004
2464,Olivia Walker,1101 Oak Road,437-417-3555,1004
2469,Daniel Brown,1455 Elm Street,647-569-9557,1004
2474,Sarah Taylor,7366 Maple Avenue,647-639-4292,1004
2479,John Taylor,8770 Cedar Lane,613-752-6283,1004
2484,David Lewis,6704 Pine Drive,226-673-9673,1004
2489,Olivia Smith,7443 Birch Way,647-484-4705,1004
2494,Emma Harris,2949 Elm Street,437-246-2191,1004
2499,David Hall,7378 Maple Avenue,647-533-5981,1004